id;tipo;nombre_archivo;ruta_archivo;fecha_generacion
1;meanwhile;unnecessarily;empty;2025-06-19T00:28:46
2;blight beside gown;since utter;rewarding list publicity;2025-06-18T21:02:19
3;e-mail lest during;happily granny lively;inquisitively inside help;2025-06-19T17:17:36
4;when;excitedly numeracy;outnumber jaggedly prudent;2025-06-18T21:11:10
5;phooey under hmph;defensive gosh;stay ack above;2025-06-19T07:52:51
6;nor;hm;yuck creator;2025-06-19T14:34:35
7;smoothly pish aw;properly;rarely tremendously;2025-06-19T16:03:22
8;except;quickly;excluding;2025-06-19T03:47:00
9;ha;snuggle ick;that;2025-06-18T19:44:41
10;accompany;precedent meanwhile oddly;vaguely;2025-06-19T11:11:27
